<?xml version="1.0" encoding="UTF-8"?>
<metadata>
  <idinfo>
    <citation>
      <citeinfo>
        <origin/>
        <pubdate>20140301</pubdate>
        <title>Global Map: Railroad Stations of the United States, 2014</title>
        <geoform>vector digital data</geoform>
        <pubinfo>
          <pubplace/>
          <publish>National Atlas of the United States</publish>
        </pubinfo>
        <othercit>These data were downloaded from the National Atlas website (http://www.nationalatlas.gov/atlasftp.html) in August 2014.</othercit>
        <onlink>http://purl.stanford.edu/qs632bn9594</onlink>
        <lworkcit>
          <citeinfo>
            <title>National Atlas of the United States of America, 1997-2014</title>
          </citeinfo>
        </lworkcit>
      </citeinfo>
    </citation>
    <descript>
      <abstract>This point shapefile includes Global Map data showing Amtrak intercity railroad terminals in the United States. The data are a modified version of the National Atlas of the United States data set of railroad and bus passenger stations of the United States; those source data are a subset of data available from the Research and Innovative Technology Administration, Bureau of Transportation Statistics (RITA/BTS). There are no Amtrak stations in Alaska or Hawaii.</abstract>
      <purpose>Global Map data are part of a cooperative effort among national mapping organizations around the world to produce and maintain a standard set of basic cartographic data that supports global investigations of natural and human-built environments. Participating nations prepare data using a common data structure and description to ensure compatibility and to tangibly promote the tenets of the Global Spatial Data Infrastructure. These data are intended for geographic display and analysis at the national level, and for large regional areas. The data should be displayed and analyzed at scales appropriate for 1:1,000,000-scale data. No responsibility is assumed by the National Atlas of the United States in the use of these data.</purpose>
    </descript>
    <timeperd>
      <timeinfo>
        <sngdate>
          <caldate>20140301</caldate>
        </sngdate>
      </timeinfo>
      <current>Publication date</current>
    </timeperd>
    <status>
      <progress>Complete</progress>
      <update>Irregular</update>
    </status>
    <spdom>
      <bounding>
        <westbc>-124.211990</westbc>
        <eastbc>-68.670621</eastbc>
        <northbc>48.720486</northbc>
        <southbc>25.849848</southbc>
      </bounding>
    </spdom>
    <keywords>
      <theme>
        <themekt>lcsh</themekt>
        <themekey>Railroads</themekey>
        <themekey>Railroad stations</themekey>
      </theme>
      <theme>
        <themekt>ISO 19115 Topic Categories</themekt>
        <themekey>transportation</themekey>
      </theme>
      <place>
        <placekt>geonames</placekt>
        <placekey>United States</placekey>
        <placekey>Alabama</placekey>
        <placekey>Arizona</placekey>
        <placekey>Arkansas</placekey>
        <placekey>Colorado</placekey>
        <placekey>Connecticut</placekey>
        <placekey>Delaware</placekey>
        <placekey>Florida</placekey>
        <placekey>Georgia</placekey>
        <placekey>Idaho</placekey>
        <placekey>Illinois</placekey>
        <placekey>Indiana</placekey>
        <placekey>Iowa</placekey>
        <placekey>Kansas</placekey>
        <placekey>Kentucky</placekey>
        <placekey>Louisiana</placekey>
        <placekey>Maine</placekey>
        <placekey>Maryland</placekey>
        <placekey>Massachusetts</placekey>
        <placekey>Michigan</placekey>
        <placekey>Minnesota</placekey>
        <placekey>Mississippi</placekey>
        <placekey>Missouri</placekey>
        <placekey>Montana</placekey>
        <placekey>Nebraska</placekey>
        <placekey>Nevada</placekey>
        <placekey>New Hampshire</placekey>
        <placekey>New Jersey</placekey>
        <placekey>New Mexico</placekey>
        <placekey>New York (State)</placekey>
        <placekey>North Carolina</placekey>
        <placekey>North Dakota</placekey>
        <placekey>Ohio</placekey>
        <placekey>Oklahoma</placekey>
        <placekey>Oregon</placekey>
        <placekey>Pennsylvania</placekey>
        <placekey>Rhode Island</placekey>
        <placekey>South Carolina</placekey>
        <placekey>South Dakota</placekey>
        <placekey>Tennessee</placekey>
        <placekey>Texas</placekey>
        <placekey>Utah</placekey>
        <placekey>Vermont</placekey>
        <placekey>Virginia</placekey>
        <placekey>Washington (D.C.)</placekey>
        <placekey>Washington (State)</placekey>
        <placekey>West Virginia</placekey>
        <placekey>Wisconsin</placekey>
        <placekey>Wyoming</placekey>
      </place>
    </keywords>
    <accconst>None</accconst>
    <useconst>Although these data have been processed successfully on a computer system at the U.S. Geological Survey, no warranty expressed or implied is made by the U.S. Geological Survey regarding the utility of the data on any other system, nor shall the act of distribution constitute any such warranty. No responsibility is assumed by the U.S. Geological Survey in the use of these data.</useconst>
    <ptcontac>
      <cntinfo>
        <cntorgp>
          <cntorg>National Atlas of the United States</cntorg>
        </cntorgp>
        <cntaddr>
          <addrtype>mailing and physical</addrtype>
          <address>511 National Center</address>
          <address>12201 Sunrise Valley Drive</address>
          <address>U.S. Geological Survey</address>
          <city>Reston</city>
          <state>VA</state>
          <postal>20192</postal>
        </cntaddr>
        <cntvoice>1-888-ASK-USGS (1-888-275-8747)</cntvoice>
        <cntemail>atlasmail@usgs.gov</cntemail>
      </cntinfo>
    </ptcontac>
    <datacred>National Atlas of the United States. (2014). Global Map: Railroad Stations of the United States, 2014. National Atlas of the United States. Available at: http://purl.stanford.edu/qs632bn9594.</datacred>
    <native>Microsoft Windows 7 Version 6.1 (Build 7601) Service Pack 1; Esri ArcGIS 10.3.1.4959</native>
  </idinfo>
  <dataqual>
    <logic>The map layer was checked for topological consistency using ArcGIS. No other checks for logical consistency were performed on this map layer.</logic>
    <complete>The map layer includes Amtrak railroad stations. Regional commuter railroad stations that are not also served by Amtrak are not included.</complete>
    <lineage>
      <srcinfo>
        <srccite>
          <citeinfo>
            <origin/>
            <pubdate>20070101</pubdate>
            <title>National Transportation Atlas Database 2007 - Amtrak Stations</title>
            <pubinfo>
              <pubplace/>
              <publish>Research and Innovative Technology Administration, Bureau of Transportation Statistics (RITA/BTS)</publish>
            </pubinfo>
          </citeinfo>
        </srccite>
        <typesrc>CD-ROM</typesrc>
        <srctime>
          <timeinfo>
            <sngdate>
              <caldate>20070101</caldate>
            </sngdate>
          </timeinfo>
          <srccurr>Publication date</srccurr>
        </srctime>
        <srccitea>Amtrak</srccitea>
        <srccontr>Spatial and attribute information</srccontr>
      </srcinfo>
      <srcinfo>
        <srccite>
          <citeinfo>
            <origin/>
            <pubdate>unknown</pubdate>
            <title>Online location and attribute sources</title>
            <othercit>Numerous sources were used to compile complete station information for this map layer, including the Center for Transportation Analysis Rail Network, Wikipedia, ESRI Online Streets, and other online map sources. More information is available from the National Atlas contacts listed elsewhere in this metadata.</othercit>
          </citeinfo>
        </srccite>
        <typesrc>onLine</typesrc>
        <srctime>
          <timeinfo>
            <sngdate>
              <caldate>unknown</caldate>
            </sngdate>
          </timeinfo>
          <srccurr>Variable</srccurr>
        </srctime>
        <srccitea>RNetc</srccitea>
        <srccontr>Spatial and attribute information</srccontr>
      </srcinfo>
      <srcinfo>
        <srccite>
          <citeinfo>
            <origin/>
            <pubdate>20120701</pubdate>
            <title>Railroad and Bus Passenger Stations of the United States</title>
            <pubinfo>
              <pubplace/>
              <publish>National Atlas of the United States</publish>
            </pubinfo>
            <onlink>http://nationalatlas.gov/atlasftp-1m.html</onlink>
          </citeinfo>
        </srccite>
        <typesrc>onLine</typesrc>
        <srctime>
          <timeinfo>
            <sngdate>
              <caldate>20120701</caldate>
            </sngdate>
          </timeinfo>
          <srccurr>Publication date</srccurr>
        </srctime>
        <srccitea>National Atlas 1M Amtrak</srccitea>
        <srccontr>Spatial and attribute information</srccontr>
      </srcinfo>
      <srcinfo>
        <srccite>
          <citeinfo>
            <origin/>
            <pubdate>unknown</pubdate>
            <title>1:1,000,000-Scale National Atlas map layers and other quality control files</title>
            <othercit>Numerous sources were used to perform quality-control and vertical integration, including all the 1:1,000,000-scale National Atlas map layers, a variety of online sources, and online USGS topographic maps. More information is available from the National Atlas contacts listed elsewhere in this metadata.</othercit>
          </citeinfo>
        </srccite>
        <typesrc>None</typesrc>
        <srctime>
          <timeinfo>
            <sngdate>
              <caldate>unknown</caldate>
            </sngdate>
          </timeinfo>
          <srccurr>Variable</srccurr>
        </srctime>
        <srccitea>QC</srccitea>
        <srccontr>Spatial information</srccontr>
      </srcinfo>
      <procstep>
        <procdesc>The Amtrak Stations point shapefile was downloaded from the National Transportation Atlas Database CD-ROM. The shapefile was projected to geographic coordinates. Stations with a status of closed, future, or future/bus were deleted. Questions were resolved through online searches for additional information, and minor edits were performed.</procdesc>
        <srcused>Amtrak</srcused>
        <srcused>RNetc</srcused>
        <procdate>20100801</procdate>
      </procstep>
      <procstep>
        <procdesc>All the 1:1,000,000-scale map layers were checked for vertical integration. Line positions were adjusted as necessary to remove overlaps. Wherever possible, linear features were separated by 300 meters, but were kept within 500 meters of their true location.</procdesc>
        <srcused>QC</srcused>
        <procdate>20120101</procdate>
        <srcprod>National Atlas 1M Amtrak</srcprod>
      </procstep>
      <procstep>
        <procdesc>The National Atlas 1M Amtrak data set file name was changed to reflect the Global Map file-naming convention. Bus stations were removed. Existing attributes were deleted except those required by Global Map, and the attribute field names were modified to reflect the Global Map conventions. The attributes f_code and soc were added and populated with the appropriate values. The data were checked using the Global Map Data Checker.</procdesc>
        <srcused>National Atlas 1M Amtrak</srcused>
        <procdate>20130101</procdate>
      </procstep>
    </lineage>
  </dataqual>
  <spdoinfo>
    <direct>Vector</direct>
    <ptvctinf>
      <sdtsterm>
        <sdtstype>Entity point</sdtstype>
        <ptvctcnt>861</ptvctcnt>
      </sdtsterm>
    </ptvctinf>
  </spdoinfo>
  <eainfo>
    <detailed>
      <enttyp>
        <enttypl>rstatp_usa</enttypl>
        <enttypd>A stopping place for the transfer of passengers and/or freight.</enttypd>
        <enttypds>Global Map Data Dictionary</enttypds>
      </enttyp>
      <attr>
        <attrlabl>FID</attrlabl>
        <attrdef>Internal feature number.</attrdef>
        <attrdefs>Esri</attrdefs>
        <attrdomv>
          <udom>Sequential unique whole numbers that are automatically generated.</udom>
        </attrdomv>
      </attr>
      <attr>
        <attrlabl>Shape</attrlabl>
        <attrdef>The representation of the entity in the data.</attrdef>
        <attrdefs>National Atlas of the United States</attrdefs>
        <attrdomv>
          <edom>
            <edomv>Point</edomv>
            <edomvd>0-dimensional element.</edomvd>
            <edomvds>ESRI GIS software</edomvds>
          </edom>
          <udom>Coordinates defining the features.</udom>
        </attrdomv>
      </attr>
      <attr>
        <attrlabl>f_code</attrlabl>
        <attrdef>The Global Map feature code for the entity.</attrdef>
        <attrdefs>National Atlas of the United States</attrdefs>
        <attrdomv>
          <edom>
            <edomv>AQ125</edomv>
            <edomvd>Feature code for Railroad Station</edomvd>
            <edomvds>Global Map Feature Attribute Coding Catalog</edomvds>
          </edom>
        </attrdomv>
      </attr>
      <attr>
        <attrlabl>nam</attrlabl>
        <attrdef>The Amtrak station name.</attrdef>
        <attrdefs>National Atlas of the United States</attrdefs>
        <attrdomv>
          <udom>There is no predefined set of valid station names.</udom>
        </attrdomv>
      </attr>
      <attr>
        <attrlabl>soc</attrlabl>
        <attrdef>
The three-character ISO 3166 Nation Code for the country which supplied the railroad station
data.
</attrdef>
        <attrdefs>National Atlas of the United States</attrdefs>
        <attrdomv>
          <edom>
            <edomv>USA</edomv>
            <edomvd>The data came from the United States of America.</edomvd>
            <edomvds>National Atlas of the United States</edomvds>
          </edom>
        </attrdomv>
      </attr>
    </detailed>
  </eainfo>
  <distinfo>
    <distrib>
      <cntinfo>
        <cntorgp>
          <cntorg>Stanford Geospatial Center</cntorg>
        </cntorgp>
        <cntaddr>
          <addrtype>mailing and physical</addrtype>
          <address>Branner Earth Sciences Library</address>
          <city>Stanford</city>
          <state>California</state>
          <postal>94305</postal>
          <country>US</country>
        </cntaddr>
        <cntvoice>650-723-2746</cntvoice>
        <cntemail>brannerlibrary@stanford.edu</cntemail>
      </cntinfo>
    </distrib>
    <distliab>Although these data have been processed successfully on a computer system at the U.S. Geological Survey, no warranty expressed or implied is made by the U.S. Geological Survey regarding the utility of the data on any other system, nor shall the act of distribution constitute any such warranty. No responsibility is assumed by the U.S. Geological Survey in the use of these data.</distliab>
  </distinfo>
  <metainfo>
    <metd>20151110</metd>
    <metc>
      <cntinfo>
        <cntorgp>
          <cntorg>National Atlas of the United States</cntorg>
        </cntorgp>
        <cntaddr>
          <addrtype>mailing</addrtype>
          <address>12201 Sunrise Valley Drive</address>
          <address>U.S. Geological Survey</address>
          <address>511 National Center</address>
          <city>Reston</city>
          <state>VA</state>
          <postal>20192</postal>
        </cntaddr>
        <cntvoice>1-888-ASK-USGS (1-888-275-8747)</cntvoice>
        <cntemail>atlasmail@usgs.gov</cntemail>
      </cntinfo>
    </metc>
    <metstdn>FGDC Content Standard for Digital Geospatial Metadata</metstdn>
    <metstdv>FGDC-STD-001-1998</metstdv>
    <mettc>local time</mettc>
    <metsi>
      <metscs>None</metscs>
      <metsc>Unclassified</metsc>
      <metshd>None</metshd>
    </metsi>
  </metainfo>
</metadata>
