<?xml version="1.0" encoding="UTF-8"?>
<MD_Metadata xmlns="http://www.isotc211.org/2005/gmd" xmlns:gco="http://www.isotc211.org/2005/gco" xmlns:gts="http://www.isotc211.org/2005/gts" xmlns:srv="http://www.isotc211.org/2005/srv" xmlns:gml="http://www.opengis.net/gml" xmlns:xlink="http://www.w3.org/1999/xlink" xmlns:xsi="http://www.w3.org/2001/XMLSchema-instance">
  <fileIdentifier>
    <gco:CharacterString>edu.stanford.purl:qs632bn9594</gco:CharacterString>
  </fileIdentifier>
  <language>
    <LanguageCode codeList="http://www.loc.gov/standards/iso639-2/php/code_list.php" codeListValue="eng" codeSpace="ISO639-2">eng</LanguageCode>
  </language>
  <characterSet>
    <MD_CharacterSetCode codeList="http://www.isotc211.org/2005/resources/Codelist/gmxCodelists.xml#MD_CharacterSetCode" codeListValue="utf8" codeSpace="ISOTC211/19115">utf8</MD_CharacterSetCode>
  </characterSet>
  <parentIdentifier>
    <gco:CharacterString>http://purl.stanford.edu/cv275yx9215.mods</gco:CharacterString>
  </parentIdentifier>
  <hierarchyLevel>
    <MD_ScopeCode codeList="http://www.isotc211.org/2005/resources/Codelist/gmxCodelists.xml#MD_ScopeCode" codeListValue="dataset" codeSpace="ISOTC211/19115">dataset</MD_ScopeCode>
  </hierarchyLevel>
  <hierarchyLevelName>
    <gco:CharacterString>dataset</gco:CharacterString>
  </hierarchyLevelName>
  <contact>
    <CI_ResponsibleParty>
      <organisationName>
        <gco:CharacterString>National Atlas of the United States</gco:CharacterString>
      </organisationName>
      <contactInfo>
        <CI_Contact>
          <phone>
            <CI_Telephone>
              <voice>
                <gco:CharacterString>1-888-ASK-USGS (1-888-275-8747)</gco:CharacterString>
              </voice>
            </CI_Telephone>
          </phone>
          <address>
            <CI_Address>
              <deliveryPoint>
                <gco:CharacterString>12201 Sunrise Valley Drive</gco:CharacterString>
              </deliveryPoint>
              <deliveryPoint>
                <gco:CharacterString>U.S. Geological Survey</gco:CharacterString>
              </deliveryPoint>
              <deliveryPoint>
                <gco:CharacterString>511 National Center</gco:CharacterString>
              </deliveryPoint>
              <city>
                <gco:CharacterString>Reston</gco:CharacterString>
              </city>
              <administrativeArea>
                <gco:CharacterString>VA</gco:CharacterString>
              </administrativeArea>
              <postalCode>
                <gco:CharacterString>20192</gco:CharacterString>
              </postalCode>
              <electronicMailAddress>
                <gco:CharacterString>atlasmail@usgs.gov</gco:CharacterString>
              </electronicMailAddress>
            </CI_Address>
          </address>
        </CI_Contact>
      </contactInfo>
      <role>
        <CI_RoleCode codeList="http://www.isotc211.org/2005/resources/Codelist/gmxCodelists.xml#CI_RoleCode" codeListValue="pointOfContact" codeSpace="ISOTC211/19115">pointOfContact</CI_RoleCode>
      </role>
    </CI_ResponsibleParty>
  </contact>
  <contact>
    <CI_ResponsibleParty>
      <organisationName>
        <gco:CharacterString>Stanford Geospatial Center</gco:CharacterString>
      </organisationName>
      <contactInfo>
        <CI_Contact>
          <phone>
            <CI_Telephone>
              <voice>
                <gco:CharacterString>650-723-2746</gco:CharacterString>
              </voice>
            </CI_Telephone>
          </phone>
          <address>
            <CI_Address>
              <deliveryPoint>
                <gco:CharacterString>Mitchell Bldg. 2nd floor</gco:CharacterString>
              </deliveryPoint>
              <deliveryPoint>
                <gco:CharacterString>397 Panama Mall</gco:CharacterString>
              </deliveryPoint>
              <city>
                <gco:CharacterString>Stanford</gco:CharacterString>
              </city>
              <administrativeArea>
                <gco:CharacterString>California</gco:CharacterString>
              </administrativeArea>
              <postalCode>
                <gco:CharacterString>94305</gco:CharacterString>
              </postalCode>
              <country>
                <gco:CharacterString>US</gco:CharacterString>
              </country>
              <electronicMailAddress>
                <gco:CharacterString>brannerlibrary@stanford.edu</gco:CharacterString>
              </electronicMailAddress>
            </CI_Address>
          </address>
        </CI_Contact>
      </contactInfo>
      <role>
        <CI_RoleCode codeList="http://www.isotc211.org/2005/resources/Codelist/gmxCodelists.xml#CI_RoleCode" codeListValue="pointOfContact" codeSpace="ISOTC211/19115">pointOfContact</CI_RoleCode>
      </role>
    </CI_ResponsibleParty>
  </contact>
  <dateStamp>
    <gco:Date>2015-11-10</gco:Date>
  </dateStamp>
  <metadataStandardName>
    <gco:CharacterString>ISO 19139 Geographic Information - Metadata - Implementation Specification</gco:CharacterString>
  </metadataStandardName>
  <metadataStandardVersion>
    <gco:CharacterString>2007</gco:CharacterString>
  </metadataStandardVersion>
  <dataSetURI>
    <gco:CharacterString>http://purl.stanford.edu/qs632bn9594</gco:CharacterString>
  </dataSetURI>
  <spatialRepresentationInfo>
    <MD_VectorSpatialRepresentation>
      <topologyLevel>
        <MD_TopologyLevelCode codeList="http://www.isotc211.org/2005/resources/Codelist/gmxCodelists.xml#MD_TopologyLevelCode" codeListValue="geometryOnly" codeSpace="ISOTC211/19115">geometryOnly</MD_TopologyLevelCode>
      </topologyLevel>
      <geometricObjects>
        <MD_GeometricObjects>
          <geometricObjectType>
            <MD_GeometricObjectTypeCode codeList="http://www.isotc211.org/2005/resources/Codelist/gmxCodelists.xml#MD_GeometricObjectTypeCode" codeListValue="point" codeSpace="ISOTC211/19115">point</MD_GeometricObjectTypeCode>
          </geometricObjectType>
          <geometricObjectCount>
            <gco:Integer>861</gco:Integer>
          </geometricObjectCount>
        </MD_GeometricObjects>
      </geometricObjects>
    </MD_VectorSpatialRepresentation>
  </spatialRepresentationInfo>
  <referenceSystemInfo>
    <MD_ReferenceSystem>
      <referenceSystemIdentifier>
        <RS_Identifier>
          <code>
            <gco:CharacterString>4326</gco:CharacterString>
          </code>
          <codeSpace>
            <gco:CharacterString>EPSG</gco:CharacterString>
          </codeSpace>
          <version>
            <gco:CharacterString>8.6.2</gco:CharacterString>
          </version>
        </RS_Identifier>
      </referenceSystemIdentifier>
    </MD_ReferenceSystem>
  </referenceSystemInfo>
  <identificationInfo>
    <MD_DataIdentification>
      <citation>
        <CI_Citation>
          <title>
            <gco:CharacterString>Global Map: Railroad Stations of the United States, 2014</gco:CharacterString>
          </title>
          <date>
            <CI_Date>
              <date>
                <gco:Date>2014-03-01</gco:Date>
              </date>
              <dateType>
                <CI_DateTypeCode codeList="http://www.isotc211.org/2005/resources/Codelist/gmxCodelists.xml#CI_DateTypeCode" codeListValue="publication" codeSpace="ISOTC211/19115">publication</CI_DateTypeCode>
              </dateType>
            </CI_Date>
          </date>
          <identifier>
            <MD_Identifier>
              <code>
                <gco:CharacterString>http://purl.stanford.edu/qs632bn9594</gco:CharacterString>
              </code>
            </MD_Identifier>
          </identifier>
          <citedResponsibleParty>
            <CI_ResponsibleParty>
              <organisationName>
                <gco:CharacterString>National Atlas of the United States</gco:CharacterString>
              </organisationName>
              <contactInfo>
                <CI_Contact>
                  <address>
                    <CI_Address>
                      <deliveryPoint>
                        <gco:CharacterString>Rolla, MO</gco:CharacterString>
                      </deliveryPoint>
                    </CI_Address>
                  </address>
                </CI_Contact>
              </contactInfo>
              <role>
                <CI_RoleCode codeList="http://www.isotc211.org/2005/resources/Codelist/gmxCodelists.xml#CI_RoleCode" codeListValue="publisher" codeSpace="ISOTC211/19115">publisher</CI_RoleCode>
              </role>
            </CI_ResponsibleParty>
          </citedResponsibleParty>
          <citedResponsibleParty>
            <CI_ResponsibleParty>
              <organisationName>
                <gco:CharacterString>National Atlas of the United States</gco:CharacterString>
              </organisationName>
              <role>
                <CI_RoleCode codeList="http://www.isotc211.org/2005/resources/Codelist/gmxCodelists.xml#CI_RoleCode" codeListValue="originator" codeSpace="ISOTC211/19115">originator</CI_RoleCode>
              </role>
            </CI_ResponsibleParty>
          </citedResponsibleParty>
          <presentationForm>
            <CI_PresentationFormCode codeList="http://www.isotc211.org/2005/resources/Codelist/gmxCodelists.xml#CI_PresentationFormCode" codeListValue="mapDigital" codeSpace="ISOTC211/19115">mapDigital</CI_PresentationFormCode>
          </presentationForm>
          <otherCitationDetails>
            <gco:CharacterString>These data were downloaded from the National Atlas website (http://www.nationalatlas.gov/atlasftp.html) in August 2014.</gco:CharacterString>
          </otherCitationDetails>
          <collectiveTitle>
            <gco:CharacterString>National Atlas of the United States of America, 1997-2014</gco:CharacterString>
          </collectiveTitle>
        </CI_Citation>
      </citation>
      <abstract>
        <gco:CharacterString>This point shapefile includes Global Map data showing Amtrak intercity railroad terminals in the United States. The data are a modified version of the National Atlas of the United States data set of railroad and bus passenger stations of the United States; those source data are a subset of data available from the Research and Innovative Technology Administration, Bureau of Transportation Statistics (RITA/BTS). There are no Amtrak stations in Alaska or Hawaii.</gco:CharacterString>
      </abstract>
      <purpose>
        <gco:CharacterString>Global Map data are part of a cooperative effort among national mapping organizations around the world to produce and maintain a standard set of basic cartographic data that supports global investigations of natural and human-built environments. Participating nations prepare data using a common data structure and description to ensure compatibility and to tangibly promote the tenets of the Global Spatial Data Infrastructure. These data are intended for geographic display and analysis at the national level, and for large regional areas. The data should be displayed and analyzed at scales appropriate for 1:1,000,000-scale data. No responsibility is assumed by the National Atlas of the United States in the use of these data.</gco:CharacterString>
      </purpose>
      <credit>
        <gco:CharacterString>National Atlas of the United States. (2014). Global Map: Railroad Stations of the United States, 2014. National Atlas of the United States. Available at: http://purl.stanford.edu/qs632bn9594.</gco:CharacterString>
      </credit>
      <status>
        <MD_ProgressCode codeList="http://www.isotc211.org/2005/resources/Codelist/gmxCodelists.xml#MD_ProgressCode" codeListValue="completed" codeSpace="ISOTC211/19115">completed</MD_ProgressCode>
      </status>
      <pointOfContact>
        <CI_ResponsibleParty>
          <organisationName>
            <gco:CharacterString>National Atlas of the United States</gco:CharacterString>
          </organisationName>
          <contactInfo>
            <CI_Contact>
              <phone>
                <CI_Telephone>
                  <voice>
                    <gco:CharacterString>1-888-ASK-USGS (1-888-275-8747)</gco:CharacterString>
                  </voice>
                </CI_Telephone>
              </phone>
              <address>
                <CI_Address>
                  <deliveryPoint>
                    <gco:CharacterString>511 National Center</gco:CharacterString>
                  </deliveryPoint>
                  <deliveryPoint>
                    <gco:CharacterString>12201 Sunrise Valley Drive</gco:CharacterString>
                  </deliveryPoint>
                  <deliveryPoint>
                    <gco:CharacterString>U.S. Geological Survey</gco:CharacterString>
                  </deliveryPoint>
                  <city>
                    <gco:CharacterString>Reston</gco:CharacterString>
                  </city>
                  <administrativeArea>
                    <gco:CharacterString>VA</gco:CharacterString>
                  </administrativeArea>
                  <postalCode>
                    <gco:CharacterString>20192</gco:CharacterString>
                  </postalCode>
                  <electronicMailAddress>
                    <gco:CharacterString>atlasmail@usgs.gov</gco:CharacterString>
                  </electronicMailAddress>
                </CI_Address>
              </address>
            </CI_Contact>
          </contactInfo>
          <role>
            <CI_RoleCode codeList="http://www.isotc211.org/2005/resources/Codelist/gmxCodelists.xml#CI_RoleCode" codeListValue="pointOfContact" codeSpace="ISOTC211/19115">pointOfContact</CI_RoleCode>
          </role>
        </CI_ResponsibleParty>
      </pointOfContact>
      <resourceMaintenance>
        <MD_MaintenanceInformation>
          <maintenanceAndUpdateFrequency>
            <MD_MaintenanceFrequencyCode codeList="http://www.isotc211.org/2005/resources/Codelist/gmxCodelists.xml#MD_MaintenanceFrequencyCode" codeListValue="irregular" codeSpace="ISOTC211/19115">irregular</MD_MaintenanceFrequencyCode>
          </maintenanceAndUpdateFrequency>
        </MD_MaintenanceInformation>
      </resourceMaintenance>
      <descriptiveKeywords>
        <MD_Keywords>
          <keyword>
            <gco:CharacterString>United States</gco:CharacterString>
          </keyword>
          <keyword>
            <gco:CharacterString>Alabama</gco:CharacterString>
          </keyword>
          <keyword>
            <gco:CharacterString>Arizona</gco:CharacterString>
          </keyword>
          <keyword>
            <gco:CharacterString>Arkansas</gco:CharacterString>
          </keyword>
          <keyword>
            <gco:CharacterString>Colorado</gco:CharacterString>
          </keyword>
          <keyword>
            <gco:CharacterString>Connecticut</gco:CharacterString>
          </keyword>
          <keyword>
            <gco:CharacterString>Delaware</gco:CharacterString>
          </keyword>
          <keyword>
            <gco:CharacterString>Florida</gco:CharacterString>
          </keyword>
          <keyword>
            <gco:CharacterString>Georgia</gco:CharacterString>
          </keyword>
          <keyword>
            <gco:CharacterString>Idaho</gco:CharacterString>
          </keyword>
          <keyword>
            <gco:CharacterString>Illinois</gco:CharacterString>
          </keyword>
          <keyword>
            <gco:CharacterString>Indiana</gco:CharacterString>
          </keyword>
          <keyword>
            <gco:CharacterString>Iowa</gco:CharacterString>
          </keyword>
          <keyword>
            <gco:CharacterString>Kansas</gco:CharacterString>
          </keyword>
          <keyword>
            <gco:CharacterString>Kentucky</gco:CharacterString>
          </keyword>
          <keyword>
            <gco:CharacterString>Louisiana</gco:CharacterString>
          </keyword>
          <keyword>
            <gco:CharacterString>Maine</gco:CharacterString>
          </keyword>
          <keyword>
            <gco:CharacterString>Maryland</gco:CharacterString>
          </keyword>
          <keyword>
            <gco:CharacterString>Massachusetts</gco:CharacterString>
          </keyword>
          <keyword>
            <gco:CharacterString>Michigan</gco:CharacterString>
          </keyword>
          <keyword>
            <gco:CharacterString>Minnesota</gco:CharacterString>
          </keyword>
          <keyword>
            <gco:CharacterString>Mississippi</gco:CharacterString>
          </keyword>
          <keyword>
            <gco:CharacterString>Missouri</gco:CharacterString>
          </keyword>
          <keyword>
            <gco:CharacterString>Montana</gco:CharacterString>
          </keyword>
          <keyword>
            <gco:CharacterString>Nebraska</gco:CharacterString>
          </keyword>
          <keyword>
            <gco:CharacterString>Nevada</gco:CharacterString>
          </keyword>
          <keyword>
            <gco:CharacterString>New Hampshire</gco:CharacterString>
          </keyword>
          <keyword>
            <gco:CharacterString>New Jersey</gco:CharacterString>
          </keyword>
          <keyword>
            <gco:CharacterString>New Mexico</gco:CharacterString>
          </keyword>
          <keyword>
            <gco:CharacterString>New York (State)</gco:CharacterString>
          </keyword>
          <keyword>
            <gco:CharacterString>North Carolina</gco:CharacterString>
          </keyword>
          <keyword>
            <gco:CharacterString>North Dakota</gco:CharacterString>
          </keyword>
          <keyword>
            <gco:CharacterString>Ohio</gco:CharacterString>
          </keyword>
          <keyword>
            <gco:CharacterString>Oklahoma</gco:CharacterString>
          </keyword>
          <keyword>
            <gco:CharacterString>Oregon</gco:CharacterString>
          </keyword>
          <keyword>
            <gco:CharacterString>Pennsylvania</gco:CharacterString>
          </keyword>
          <keyword>
            <gco:CharacterString>Rhode Island</gco:CharacterString>
          </keyword>
          <keyword>
            <gco:CharacterString>South Carolina</gco:CharacterString>
          </keyword>
          <keyword>
            <gco:CharacterString>South Dakota</gco:CharacterString>
          </keyword>
          <keyword>
            <gco:CharacterString>Tennessee</gco:CharacterString>
          </keyword>
          <keyword>
            <gco:CharacterString>Texas</gco:CharacterString>
          </keyword>
          <keyword>
            <gco:CharacterString>Utah</gco:CharacterString>
          </keyword>
          <keyword>
            <gco:CharacterString>Vermont</gco:CharacterString>
          </keyword>
          <keyword>
            <gco:CharacterString>Virginia</gco:CharacterString>
          </keyword>
          <keyword>
            <gco:CharacterString>Washington (D.C.)</gco:CharacterString>
          </keyword>
          <keyword>
            <gco:CharacterString>Washington (State)</gco:CharacterString>
          </keyword>
          <keyword>
            <gco:CharacterString>West Virginia</gco:CharacterString>
          </keyword>
          <keyword>
            <gco:CharacterString>Wisconsin</gco:CharacterString>
          </keyword>
          <keyword>
            <gco:CharacterString>Wyoming</gco:CharacterString>
          </keyword>
          <type>
            <MD_KeywordTypeCode codeList="http://www.isotc211.org/2005/resources/Codelist/gmxCodelists.xml#MD_KeywordTypeCode" codeListValue="place" codeSpace="ISOTC211/19115">place</MD_KeywordTypeCode>
          </type>
          <thesaurusName>
            <CI_Citation>
              <title>
                <gco:CharacterString>geonames</gco:CharacterString>
              </title>
              <date>
                <CI_Date>
                  <date>
                    <gco:Date>2012-11-01</gco:Date>
                  </date>
                  <dateType>
                    <CI_DateTypeCode codeList="http://www.isotc211.org/2005/resources/Codelist/gmxCodelists.xml#CI_DateTypeCode" codeListValue="revision" codeSpace="ISOTC211/19115">revision</CI_DateTypeCode>
                  </dateType>
                </CI_Date>
              </date>
              <identifier>
                <MD_Identifier>
                  <code>
                    <gco:CharacterString>http://www.geonames.org/ontology#</gco:CharacterString>
                  </code>
                </MD_Identifier>
              </identifier>
            </CI_Citation>
          </thesaurusName>
        </MD_Keywords>
      </descriptiveKeywords>
      <descriptiveKeywords>
        <MD_Keywords>
          <keyword>
            <gco:CharacterString>Railroads</gco:CharacterString>
          </keyword>
          <keyword>
            <gco:CharacterString>Railroad stations</gco:CharacterString>
          </keyword>
          <type>
            <MD_KeywordTypeCode codeList="http://www.isotc211.org/2005/resources/Codelist/gmxCodelists.xml#MD_KeywordTypeCode" codeListValue="theme" codeSpace="ISOTC211/19115">theme</MD_KeywordTypeCode>
          </type>
          <thesaurusName>
            <CI_Citation>
              <title>
                <gco:CharacterString>lcsh</gco:CharacterString>
              </title>
              <date>
                <CI_Date>
                  <date>
                    <gco:Date>2011-04-26</gco:Date>
                  </date>
                  <dateType>
                    <CI_DateTypeCode codeList="http://www.isotc211.org/2005/resources/Codelist/gmxCodelists.xml#CI_DateTypeCode" codeListValue="revision" codeSpace="ISOTC211/19115">revision</CI_DateTypeCode>
                  </dateType>
                </CI_Date>
              </date>
              <identifier>
                <MD_Identifier>
                  <code>
                    <gco:CharacterString>http://id.loc.gov/authorities/subjects.html</gco:CharacterString>
                  </code>
                </MD_Identifier>
              </identifier>
            </CI_Citation>
          </thesaurusName>
        </MD_Keywords>
      </descriptiveKeywords>
      <descriptiveKeywords>
        <MD_Keywords>
          <keyword>
            <gco:CharacterString>Downloadable Data</gco:CharacterString>
          </keyword>
          <thesaurusName uuidref="723f6998-058e-11dc-8314-0800200c9a66"/>
        </MD_Keywords>
      </descriptiveKeywords>
      <resourceConstraints>
        <MD_LegalConstraints>
          <useLimitation>
            <gco:CharacterString>Although these data have been processed successfully on a computer system at the U.S. Geological Survey, no warranty expressed or implied is made by the U.S. Geological Survey regarding the utility of the data on any other system, nor shall the act of distribution constitute any such warranty. No responsibility is assumed by the U.S. Geological Survey in the use of these data.</gco:CharacterString>
          </useLimitation>
        </MD_LegalConstraints>
      </resourceConstraints>
      <aggregationInfo>
        <MD_AggregateInformation>
          <aggregateDataSetName>
            <CI_Citation>
              <title>
                <gco:CharacterString>National Atlas of the United States of America, 1997-2014</gco:CharacterString>
              </title>
              <date gco:nilReason="missing"/>
              <identifier>
                <MD_Identifier>
                  <code>
                    <gco:CharacterString>http://purl.stanford.edu/cv275yx9215</gco:CharacterString>
                  </code>
                </MD_Identifier>
              </identifier>
            </CI_Citation>
          </aggregateDataSetName>
          <associationType>
            <DS_AssociationTypeCode codeList="http://www.isotc211.org/2005/resources/Codelist/gmxCodelists.xml#DS_AssociationTypeCode" codeListValue="largerWorkCitation" codeSpace="ISOTC211/19115">largerWorkCitation</DS_AssociationTypeCode>
          </associationType>
          <initiativeType>
            <DS_InitiativeTypeCode codeList="http://www.isotc211.org/2005/resources/Codelist/gmxCodelists.xml#DS_InitiativeTypeCode" codeListValue="collection" codeSpace="ISOTC211/19115">collection</DS_InitiativeTypeCode>
          </initiativeType>
        </MD_AggregateInformation>
      </aggregationInfo>
      <spatialRepresentationType>
        <MD_SpatialRepresentationTypeCode codeList="http://www.isotc211.org/2005/resources/Codelist/gmxCodelists.xml#MD_SpatialRepresentationTypeCode" codeListValue="vector" codeSpace="ISOTC211/19115">vector</MD_SpatialRepresentationTypeCode>
      </spatialRepresentationType>
      <spatialResolution>
        <MD_Resolution>
          <equivalentScale>
            <MD_RepresentativeFraction>
              <denominator>
                <gco:Integer>1000000</gco:Integer>
              </denominator>
            </MD_RepresentativeFraction>
          </equivalentScale>
        </MD_Resolution>
      </spatialResolution>
      <language>
        <LanguageCode codeList="http://www.loc.gov/standards/iso639-2/php/code_list.php" codeListValue="eng" codeSpace="ISO639-2">eng</LanguageCode>
      </language>
      <characterSet>
        <MD_CharacterSetCode codeList="http://www.isotc211.org/2005/resources/Codelist/gmxCodelists.xml#MD_CharacterSetCode" codeListValue="utf8" codeSpace="ISOTC211/19115">utf8</MD_CharacterSetCode>
      </characterSet>
      <topicCategory>
        <MD_TopicCategoryCode>transportation</MD_TopicCategoryCode>
      </topicCategory>
      <environmentDescription>
        <gco:CharacterString>Microsoft Windows 7 Version 6.1 (Build 7601) Service Pack 1; Esri ArcGIS 10.3.1.4959</gco:CharacterString>
      </environmentDescription>
      <extent>
        <EX_Extent>
          <description>
            <gco:CharacterString>Publication date</gco:CharacterString>
          </description>
          <temporalElement>
            <EX_TemporalExtent>
              <extent>
                <gml:TimeInstant gml:id="idp136096">
                  <gml:timePosition>2014-03-01T00:00:00</gml:timePosition>
                </gml:TimeInstant>
              </extent>
            </EX_TemporalExtent>
          </temporalElement>
        </EX_Extent>
      </extent>
      <extent>
        <EX_Extent>
          <geographicElement>
            <EX_GeographicBoundingBox>
              <extentTypeCode>
                <gco:Boolean>true</gco:Boolean>
              </extentTypeCode>
              <westBoundLongitude>
                <gco:Decimal>-124.21199</gco:Decimal>
              </westBoundLongitude>
              <eastBoundLongitude>
                <gco:Decimal>-68.670621</gco:Decimal>
              </eastBoundLongitude>
              <southBoundLatitude>
                <gco:Decimal>25.849848</gco:Decimal>
              </southBoundLatitude>
              <northBoundLatitude>
                <gco:Decimal>48.720486</gco:Decimal>
              </northBoundLatitude>
            </EX_GeographicBoundingBox>
          </geographicElement>
        </EX_Extent>
      </extent>
    </MD_DataIdentification>
  </identificationInfo>
  <contentInfo>
    <MD_FeatureCatalogueDescription>
      <complianceCode>
        <gco:Boolean>false</gco:Boolean>
      </complianceCode>
      <language>
        <LanguageCode codeList="http://www.loc.gov/standards/iso639-2/php/code_list.php" codeListValue="eng" codeSpace="ISO639-2">eng</LanguageCode>
      </language>
      <includedWithDataset>
        <gco:Boolean>true</gco:Boolean>
      </includedWithDataset>
      <featureCatalogueCitation>
        <CI_Citation>
          <title>
            <gco:CharacterString>Feature catalog for Global Map: Railroad Stations of the United States, 2014</gco:CharacterString>
          </title>
          <date gco:nilReason="missing"/>
          <identifier>
            <MD_Identifier>
              <code>
                <gco:CharacterString>b6815487-8c79-4a3e-8b0d-a764af25b224</gco:CharacterString>
              </code>
            </MD_Identifier>
          </identifier>
        </CI_Citation>
      </featureCatalogueCitation>
    </MD_FeatureCatalogueDescription>
  </contentInfo>
  <distributionInfo>
    <MD_Distribution>
      <distributionFormat>
        <MD_Format>
          <name>
            <gco:CharacterString>Shapefile</gco:CharacterString>
          </name>
          <version gco:nilReason="missing"/>
        </MD_Format>
      </distributionFormat>
      <distributor>
        <MD_Distributor>
          <distributorContact>
            <CI_ResponsibleParty>
              <organisationName>
                <gco:CharacterString>Stanford Geospatial Center</gco:CharacterString>
              </organisationName>
              <contactInfo>
                <CI_Contact>
                  <phone>
                    <CI_Telephone>
                      <voice>
                        <gco:CharacterString>650-723-2746</gco:CharacterString>
                      </voice>
                    </CI_Telephone>
                  </phone>
                  <address>
                    <CI_Address>
                      <deliveryPoint>
                        <gco:CharacterString>Branner Earth Sciences Library</gco:CharacterString>
                      </deliveryPoint>
                      <city>
                        <gco:CharacterString>Stanford</gco:CharacterString>
                      </city>
                      <administrativeArea>
                        <gco:CharacterString>California</gco:CharacterString>
                      </administrativeArea>
                      <postalCode>
                        <gco:CharacterString>94305</gco:CharacterString>
                      </postalCode>
                      <country>
                        <gco:CharacterString>US</gco:CharacterString>
                      </country>
                      <electronicMailAddress>
                        <gco:CharacterString>brannerlibrary@stanford.edu</gco:CharacterString>
                      </electronicMailAddress>
                    </CI_Address>
                  </address>
                </CI_Contact>
              </contactInfo>
              <role>
                <CI_RoleCode codeList="http://www.isotc211.org/2005/resources/Codelist/gmxCodelists.xml#CI_RoleCode" codeListValue="distributor" codeSpace="ISOTC211/19115">distributor</CI_RoleCode>
              </role>
            </CI_ResponsibleParty>
          </distributorContact>
        </MD_Distributor>
      </distributor>
      <transferOptions>
        <MD_DigitalTransferOptions>
          <transferSize>
            <gco:Real>0.023</gco:Real>
          </transferSize>
          <onLine>
            <CI_OnlineResource>
              <linkage>
                <URL>http://purl.stanford.edu/qs632bn9594</URL>
              </linkage>
              <protocol>
                <gco:CharacterString>http</gco:CharacterString>
              </protocol>
              <name>
                <gco:CharacterString>rstatp_usa.shp</gco:CharacterString>
              </name>
              <function>
                <CI_OnLineFunctionCode codeList="http://www.isotc211.org/2005/resources/Codelist/gmxCodelists.xml#CI_OnLineFunctionCode" codeListValue="download" codeSpace="ISOTC211/19115">download</CI_OnLineFunctionCode>
              </function>
            </CI_OnlineResource>
          </onLine>
        </MD_DigitalTransferOptions>
      </transferOptions>
    </MD_Distribution>
  </distributionInfo>
  <dataQualityInfo>
    <DQ_DataQuality>
      <scope>
        <DQ_Scope>
          <level>
            <MD_ScopeCode codeList="http://www.isotc211.org/2005/resources/Codelist/gmxCodelists.xml#MD_ScopeCode" codeListValue="dataset" codeSpace="ISOTC211/19115">dataset</MD_ScopeCode>
          </level>
        </DQ_Scope>
      </scope>
      <report>
        <DQ_TopologicalConsistency>
          <evaluationMethodDescription>
            <gco:CharacterString>The map layer was checked for topological consistency using ArcGIS. No other checks for logical consistency were performed on this map layer.</gco:CharacterString>
          </evaluationMethodDescription>
          <result gco:nilReason="missing"/>
        </DQ_TopologicalConsistency>
      </report>
      <report>
        <DQ_ConceptualConsistency>
          <measureDescription>
            <gco:CharacterString>The map layer was checked for topological consistency using ArcGIS. No other checks for logical consistency were performed on this map layer.</gco:CharacterString>
          </measureDescription>
          <result gco:nilReason="missing"/>
        </DQ_ConceptualConsistency>
      </report>
      <report>
        <DQ_CompletenessOmission>
          <measureDescription>
            <gco:CharacterString>The map layer includes Amtrak railroad stations. Regional commuter railroad stations that are not also served by Amtrak are not included.</gco:CharacterString>
          </measureDescription>
          <result gco:nilReason="missing"/>
        </DQ_CompletenessOmission>
      </report>
      <lineage>
        <LI_Lineage>
          <processStep>
            <LI_ProcessStep>
              <description>
                <gco:CharacterString>The Amtrak Stations point shapefile was downloaded from the National Transportation Atlas Database CD-ROM. The shapefile was projected to geographic coordinates. Stations with a status of closed, future, or future/bus were deleted. Questions were resolved through online searches for additional information, and minor edits were performed.</gco:CharacterString>
              </description>
              <dateTime>
                <gco:DateTime>2010-08-01T00:00:00</gco:DateTime>
              </dateTime>
              <source>
                <LI_Source>
                  <sourceCitation>
                    <CI_Citation>
                      <title gco:nilReason="missing"/>
                      <alternateTitle>
                        <gco:CharacterString>Amtrak</gco:CharacterString>
                      </alternateTitle>
                      <date gco:nilReason="missing"/>
                    </CI_Citation>
                  </sourceCitation>
                </LI_Source>
              </source>
              <source>
                <LI_Source>
                  <sourceCitation>
                    <CI_Citation>
                      <title gco:nilReason="missing"/>
                      <alternateTitle>
                        <gco:CharacterString>RNetc</gco:CharacterString>
                      </alternateTitle>
                      <date gco:nilReason="missing"/>
                    </CI_Citation>
                  </sourceCitation>
                </LI_Source>
              </source>
            </LI_ProcessStep>
          </processStep>
          <processStep>
            <LI_ProcessStep>
              <description>
                <gco:CharacterString>All the 1:1,000,000-scale map layers were checked for vertical integration. Line positions were adjusted as necessary to remove overlaps. Wherever possible, linear features were separated by 300 meters, but were kept within 500 meters of their true location.</gco:CharacterString>
              </description>
              <dateTime>
                <gco:DateTime>2012-01-01T00:00:00</gco:DateTime>
              </dateTime>
              <source>
                <LI_Source>
                  <sourceCitation>
                    <CI_Citation>
                      <title gco:nilReason="missing"/>
                      <alternateTitle>
                        <gco:CharacterString>QC</gco:CharacterString>
                      </alternateTitle>
                      <date gco:nilReason="missing"/>
                    </CI_Citation>
                  </sourceCitation>
                </LI_Source>
              </source>
              <source>
                <LI_Source>
                  <sourceCitation>
                    <CI_Citation>
                      <title gco:nilReason="missing"/>
                      <alternateTitle>
                        <gco:CharacterString>National Atlas 1M Amtrak</gco:CharacterString>
                      </alternateTitle>
                      <date gco:nilReason="missing"/>
                    </CI_Citation>
                  </sourceCitation>
                </LI_Source>
              </source>
            </LI_ProcessStep>
          </processStep>
          <processStep>
            <LI_ProcessStep>
              <description>
                <gco:CharacterString>The National Atlas 1M Amtrak data set file name was changed to reflect the Global Map file-naming convention. Bus stations were removed. Existing attributes were deleted except those required by Global Map, and the attribute field names were modified to reflect the Global Map conventions. The attributes f_code and soc were added and populated with the appropriate values. The data were checked using the Global Map Data Checker.</gco:CharacterString>
              </description>
              <dateTime>
                <gco:DateTime>2013-01-01T00:00:00</gco:DateTime>
              </dateTime>
              <source>
                <LI_Source>
                  <sourceCitation>
                    <CI_Citation>
                      <title gco:nilReason="missing"/>
                      <alternateTitle>
                        <gco:CharacterString>National Atlas 1M Amtrak</gco:CharacterString>
                      </alternateTitle>
                      <date gco:nilReason="missing"/>
                    </CI_Citation>
                  </sourceCitation>
                </LI_Source>
              </source>
            </LI_ProcessStep>
          </processStep>
          <source>
            <LI_Source>
              <description>
                <gco:CharacterString>Spatial and attribute information</gco:CharacterString>
              </description>
              <sourceCitation>
                <CI_Citation>
                  <title>
                    <gco:CharacterString>National Transportation Atlas Database 2007 - Amtrak Stations</gco:CharacterString>
                  </title>
                  <alternateTitle>
                    <gco:CharacterString>Amtrak</gco:CharacterString>
                  </alternateTitle>
                  <date>
                    <CI_Date>
                      <date>
                        <gco:Date>2007-01-01</gco:Date>
                      </date>
                      <dateType>
                        <CI_DateTypeCode codeList="http://www.isotc211.org/2005/resources/Codelist/gmxCodelists.xml#CI_DateTypeCode" codeListValue="publication" codeSpace="ISOTC211/19115">publication</CI_DateTypeCode>
                      </dateType>
                    </CI_Date>
                  </date>
                  <citedResponsibleParty>
                    <CI_ResponsibleParty>
                      <organisationName>
                        <gco:CharacterString>Research and Innovative Technology Administration, Bureau of Transportation Statistics (RITA/BTS)</gco:CharacterString>
                      </organisationName>
                      <contactInfo>
                        <CI_Contact>
                          <address>
                            <CI_Address>
                              <deliveryPoint>
                                <gco:CharacterString>Washington, DC</gco:CharacterString>
                              </deliveryPoint>
                            </CI_Address>
                          </address>
                        </CI_Contact>
                      </contactInfo>
                      <role>
                        <CI_RoleCode codeList="http://www.isotc211.org/2005/resources/Codelist/gmxCodelists.xml#CI_RoleCode" codeListValue="publisher" codeSpace="ISOTC211/19115">publisher</CI_RoleCode>
                      </role>
                    </CI_ResponsibleParty>
                  </citedResponsibleParty>
                  <citedResponsibleParty>
                    <CI_ResponsibleParty>
                      <organisationName>
                        <gco:CharacterString>Research and Innovative Technology Administration, Bureau of Transportation Statistics (RITA/BTS)</gco:CharacterString>
                      </organisationName>
                      <role>
                        <CI_RoleCode codeList="http://www.isotc211.org/2005/resources/Codelist/gmxCodelists.xml#CI_RoleCode" codeListValue="originator" codeSpace="ISOTC211/19115">originator</CI_RoleCode>
                      </role>
                    </CI_ResponsibleParty>
                  </citedResponsibleParty>
                </CI_Citation>
              </sourceCitation>
              <sourceExtent>
                <EX_Extent>
                  <description>
                    <gco:CharacterString>Publication date</gco:CharacterString>
                  </description>
                  <temporalElement>
                    <EX_TemporalExtent>
                      <extent>
                        <gml:TimeInstant gml:id="idp153856">
                          <gml:timePosition>2007-01-01</gml:timePosition>
                        </gml:TimeInstant>
                      </extent>
                    </EX_TemporalExtent>
                  </temporalElement>
                </EX_Extent>
              </sourceExtent>
            </LI_Source>
          </source>
          <source>
            <LI_Source>
              <description>
                <gco:CharacterString>Spatial and attribute information</gco:CharacterString>
              </description>
              <sourceCitation>
                <CI_Citation>
                  <title>
                    <gco:CharacterString>Online location and attribute sources</gco:CharacterString>
                  </title>
                  <alternateTitle>
                    <gco:CharacterString>RNetc</gco:CharacterString>
                  </alternateTitle>
                  <date gco:nilReason="missing"/>
                  <citedResponsibleParty>
                    <CI_ResponsibleParty>
                      <organisationName>
                        <gco:CharacterString>Various</gco:CharacterString>
                      </organisationName>
                      <role>
                        <CI_RoleCode codeList="http://www.isotc211.org/2005/resources/Codelist/gmxCodelists.xml#CI_RoleCode" codeListValue="originator" codeSpace="ISOTC211/19115">originator</CI_RoleCode>
                      </role>
                    </CI_ResponsibleParty>
                  </citedResponsibleParty>
                  <otherCitationDetails>
                    <gco:CharacterString>Numerous sources were used to compile complete station information for this map layer, including the Center for Transportation Analysis Rail Network, Wikipedia, ESRI Online Streets, and other online map sources. More information is available from the National Atlas contacts listed elsewhere in this metadata.</gco:CharacterString>
                  </otherCitationDetails>
                </CI_Citation>
              </sourceCitation>
              <sourceExtent>
                <EX_Extent>
                  <description>
                    <gco:CharacterString>Variable</gco:CharacterString>
                  </description>
                  <temporalElement>
                    <EX_TemporalExtent>
                      <extent>
                        <gml:TimeInstant gml:id="idp158576">
                          <gml:timePosition indeterminatePosition="unknown"/>
                        </gml:TimeInstant>
                      </extent>
                    </EX_TemporalExtent>
                  </temporalElement>
                </EX_Extent>
              </sourceExtent>
            </LI_Source>
          </source>
          <source>
            <LI_Source>
              <description>
                <gco:CharacterString>Spatial and attribute information</gco:CharacterString>
              </description>
              <sourceCitation>
                <CI_Citation>
                  <title>
                    <gco:CharacterString>Railroad and Bus Passenger Stations of the United States</gco:CharacterString>
                  </title>
                  <alternateTitle>
                    <gco:CharacterString>National Atlas 1M Amtrak</gco:CharacterString>
                  </alternateTitle>
                  <date>
                    <CI_Date>
                      <date>
                        <gco:Date>2012-07-01</gco:Date>
                      </date>
                      <dateType>
                        <CI_DateTypeCode codeList="http://www.isotc211.org/2005/resources/Codelist/gmxCodelists.xml#CI_DateTypeCode" codeListValue="publication" codeSpace="ISOTC211/19115">publication</CI_DateTypeCode>
                      </dateType>
                    </CI_Date>
                  </date>
                  <citedResponsibleParty>
                    <CI_ResponsibleParty>
                      <organisationName>
                        <gco:CharacterString>National Atlas of the United States</gco:CharacterString>
                      </organisationName>
                      <contactInfo>
                        <CI_Contact>
                          <address>
                            <CI_Address>
                              <deliveryPoint>
                                <gco:CharacterString>Rolla, MO</gco:CharacterString>
                              </deliveryPoint>
                            </CI_Address>
                          </address>
                        </CI_Contact>
                      </contactInfo>
                      <role>
                        <CI_RoleCode codeList="http://www.isotc211.org/2005/resources/Codelist/gmxCodelists.xml#CI_RoleCode" codeListValue="publisher" codeSpace="ISOTC211/19115">publisher</CI_RoleCode>
                      </role>
                    </CI_ResponsibleParty>
                  </citedResponsibleParty>
                  <citedResponsibleParty>
                    <CI_ResponsibleParty>
                      <organisationName>
                        <gco:CharacterString>National Atlas of the United States</gco:CharacterString>
                      </organisationName>
                      <role>
                        <CI_RoleCode codeList="http://www.isotc211.org/2005/resources/Codelist/gmxCodelists.xml#CI_RoleCode" codeListValue="originator" codeSpace="ISOTC211/19115">originator</CI_RoleCode>
                      </role>
                    </CI_ResponsibleParty>
                  </citedResponsibleParty>
                </CI_Citation>
              </sourceCitation>
              <sourceExtent>
                <EX_Extent>
                  <description>
                    <gco:CharacterString>Publication date</gco:CharacterString>
                  </description>
                  <temporalElement>
                    <EX_TemporalExtent>
                      <extent>
                        <gml:TimeInstant gml:id="idp164544">
                          <gml:timePosition>2012-07-01</gml:timePosition>
                        </gml:TimeInstant>
                      </extent>
                    </EX_TemporalExtent>
                  </temporalElement>
                </EX_Extent>
              </sourceExtent>
            </LI_Source>
          </source>
          <source>
            <LI_Source>
              <description>
                <gco:CharacterString>Spatial information</gco:CharacterString>
              </description>
              <sourceCitation>
                <CI_Citation>
                  <title>
                    <gco:CharacterString>1:1,000,000-Scale National Atlas map layers and other quality control files</gco:CharacterString>
                  </title>
                  <alternateTitle>
                    <gco:CharacterString>QC</gco:CharacterString>
                  </alternateTitle>
                  <date gco:nilReason="missing"/>
                  <citedResponsibleParty>
                    <CI_ResponsibleParty>
                      <organisationName>
                        <gco:CharacterString>National Atlas of the United States</gco:CharacterString>
                      </organisationName>
                      <role>
                        <CI_RoleCode codeList="http://www.isotc211.org/2005/resources/Codelist/gmxCodelists.xml#CI_RoleCode" codeListValue="originator" codeSpace="ISOTC211/19115">originator</CI_RoleCode>
                      </role>
                    </CI_ResponsibleParty>
                  </citedResponsibleParty>
                  <otherCitationDetails>
                    <gco:CharacterString>Numerous sources were used to perform quality-control and vertical integration, including all the 1:1,000,000-scale National Atlas map layers, a variety of online sources, and online USGS topographic maps. More information is available from the National Atlas contacts listed elsewhere in this metadata.</gco:CharacterString>
                  </otherCitationDetails>
                </CI_Citation>
              </sourceCitation>
              <sourceExtent>
                <EX_Extent>
                  <description>
                    <gco:CharacterString>Variable</gco:CharacterString>
                  </description>
                  <temporalElement>
                    <EX_TemporalExtent>
                      <extent>
                        <gml:TimeInstant gml:id="idp168768">
                          <gml:timePosition indeterminatePosition="unknown"/>
                        </gml:TimeInstant>
                      </extent>
                    </EX_TemporalExtent>
                  </temporalElement>
                </EX_Extent>
              </sourceExtent>
            </LI_Source>
          </source>
        </LI_Lineage>
      </lineage>
    </DQ_DataQuality>
  </dataQualityInfo>
  <metadataConstraints>
    <MD_SecurityConstraints>
      <classification>
        <MD_ClassificationCode codeList="http://www.isotc211.org/2005/resources/Codelist/gmxCodelists.xml#MD_ClassificationCode" codeListValue="unclassified" codeSpace="ISOTC211/19115">unclassified</MD_ClassificationCode>
      </classification>
      <classificationSystem>
        <gco:CharacterString>None</gco:CharacterString>
      </classificationSystem>
      <handlingDescription>
        <gco:CharacterString>None</gco:CharacterString>
      </handlingDescription>
    </MD_SecurityConstraints>
  </metadataConstraints>
</MD_Metadata>
