<?xml version="1.0" encoding="utf-8"?>
<gfc:FC_FeatureCatalogue xmlns:xsi="http://www.w3.org/2001/XMLSchema-instance" xmlns:gco="http://www.isotc211.org/2005/gco" xmlns:gfc="http://www.isotc211.org/2005/gfc" xmlns:gmd="http://www.isotc211.org/2005/gmd" xmlns:gmx="http://www.isotc211.org/2005/gmx" xmlns:gml="http://www.opengis.net/gml/3.2" xmlns:xlink="http://www.w3.org/1999/xlink" xmlns="http://www.isotc211.org/2005/gfc" xsi:schemaLocation="http://www.isotc211.org/2005/gfc http://www.isotc211.org/2005/gfc/gfc.xsd" uuid="b6815487-8c79-4a3e-8b0d-a764af25b224">
  <gmx:name>
    <gco:CharacterString>Feature catalog for Global Map: Railroad Stations of the United States, 2014</gco:CharacterString>
  </gmx:name>
  <gmx:scope>
    <gco:CharacterString>Railroads; Railroad stations</gco:CharacterString>
  </gmx:scope>
  <gmx:versionNumber gco:nilReason="unknown"/>
  <gmx:versionDate>
    <gco:Date>2014</gco:Date>
  </gmx:versionDate>
  <gmx:language>
    <gco:CharacterString>eng; US</gco:CharacterString>
  </gmx:language>
  <gmx:characterSet>
    <gmd:MD_CharacterSetCode codeList="http://www.isotc211.org/2005/resources/Codelist/gmxCodelists.xml#MD_CharacterSetCode" codeListValue="utf8" codeSpace="ISOTC211/19115"/>
  </gmx:characterSet>
  <gfc:featureType>
    <gfc:FC_FeatureType>
      <gfc:typeName>
        <gco:LocalName>rstatp_usa</gco:LocalName>
      </gfc:typeName>
      <gfc:definition>
        <gco:CharacterString>A stopping place for the transfer of passengers and/or freight.</gco:CharacterString>
      </gfc:definition>
      <gfc:isAbstract>
        <gco:Boolean>false</gco:Boolean>
      </gfc:isAbstract>
      <gfc:featureCatalogue uuidref="b6815487-8c79-4a3e-8b0d-a764af25b224"/>
      <gfc:carrierOfCharacteristics>
        <gfc:FC_FeatureAttribute>
          <gfc:memberName>
            <gco:LocalName>FID</gco:LocalName>
          </gfc:memberName>
          <gfc:definition>
            <gco:CharacterString>Internal feature number.</gco:CharacterString>
          </gfc:definition>
          <gfc:cardinality gco:nilReason="unknown"/>
          <gfc:definitionReference>
            <gfc:FC_DefinitionReference>
              <gfc:definitionSource>
                <gfc:FC_DefinitionSource>
                  <gfc:source>
                    <gmd:CI_Citation>
                      <gmd:title>
                        <gco:CharacterString>Esri</gco:CharacterString>
                      </gmd:title>
                      <gmd:date gco:nilReason="unknown"/>
                      <gmd:citedResponsibleParty>
                        <gmd:CI_ResponsibleParty>
                          <gmd:organisationName>
                            <gco:CharacterString>Esri</gco:CharacterString>
                          </gmd:organisationName>
                          <gmd:role>
                            <gmd:CI_RoleCode codeList="http://www.isotc211.org/2005/resources/Codelist/gmxCodelists.xml#CI_RoleCode" codeListValue="resourceProvider" codeSpace="001"/>
                          </gmd:role>
                        </gmd:CI_ResponsibleParty>
                      </gmd:citedResponsibleParty>
                    </gmd:CI_Citation>
                  </gfc:source>
                </gfc:FC_DefinitionSource>
              </gfc:definitionSource>
            </gfc:FC_DefinitionReference>
          </gfc:definitionReference>
          <gfc:valueType>
            <gco:TypeName>
              <gco:aName>
                <gco:CharacterString>OID</gco:CharacterString>
              </gco:aName>
            </gco:TypeName>
          </gfc:valueType>
        </gfc:FC_FeatureAttribute>
      </gfc:carrierOfCharacteristics>
      <gfc:carrierOfCharacteristics>
        <gfc:FC_FeatureAttribute>
          <gfc:memberName>
            <gco:LocalName>Shape</gco:LocalName>
          </gfc:memberName>
          <gfc:definition>
            <gco:CharacterString>The representation of the entity in the data.</gco:CharacterString>
          </gfc:definition>
          <gfc:cardinality gco:nilReason="unknown"/>
          <gfc:definitionReference>
            <gfc:FC_DefinitionReference>
              <gfc:definitionSource>
                <gfc:FC_DefinitionSource>
                  <gfc:source>
                    <gmd:CI_Citation>
                      <gmd:title>
                        <gco:CharacterString>National Atlas of the United States</gco:CharacterString>
                      </gmd:title>
                      <gmd:date gco:nilReason="unknown"/>
                      <gmd:citedResponsibleParty>
                        <gmd:CI_ResponsibleParty>
                          <gmd:organisationName>
                            <gco:CharacterString>National Atlas of the United States</gco:CharacterString>
                          </gmd:organisationName>
                          <gmd:role>
                            <gmd:CI_RoleCode codeList="http://www.isotc211.org/2005/resources/Codelist/gmxCodelists.xml#CI_RoleCode" codeListValue="resourceProvider" codeSpace="001"/>
                          </gmd:role>
                        </gmd:CI_ResponsibleParty>
                      </gmd:citedResponsibleParty>
                    </gmd:CI_Citation>
                  </gfc:source>
                </gfc:FC_DefinitionSource>
              </gfc:definitionSource>
            </gfc:FC_DefinitionReference>
          </gfc:definitionReference>
          <gfc:valueType>
            <gco:TypeName>
              <gco:aName>
                <gco:CharacterString>Geometry</gco:CharacterString>
              </gco:aName>
            </gco:TypeName>
          </gfc:valueType>
          <gfc:listedValue>
            <gfc:FC_ListedValue>
              <gfc:label>
                <gco:CharacterString>Point</gco:CharacterString>
              </gfc:label>
              <gfc:definition>
                <gco:CharacterString>0-dimensional element.</gco:CharacterString>
              </gfc:definition>
              <gfc:definitionReference>
                <gfc:FC_DefinitionReference>
                  <gfc:definitionSource>
                    <gfc:FC_DefinitionSource>
                      <gfc:source>
                        <gmd:CI_Citation>
                          <gmd:title>
                            <gco:CharacterString>ESRI GIS software</gco:CharacterString>
                          </gmd:title>
                          <gmd:date gco:nilReason="unknown"/>
                          <gmd:citedResponsibleParty>
                            <gmd:CI_ResponsibleParty>
                              <gmd:organisationName>
                                <gco:CharacterString>ESRI GIS software</gco:CharacterString>
                              </gmd:organisationName>
                              <gmd:role>
                                <gmd:CI_RoleCode codeList="http://www.isotc211.org/2005/resources/Codelist/gmxCodelists.xml#CI_RoleCode" codeListValue="resourceProvider" codeSpace="001"/>
                              </gmd:role>
                            </gmd:CI_ResponsibleParty>
                          </gmd:citedResponsibleParty>
                        </gmd:CI_Citation>
                      </gfc:source>
                    </gfc:FC_DefinitionSource>
                  </gfc:definitionSource>
                </gfc:FC_DefinitionReference>
              </gfc:definitionReference>
            </gfc:FC_ListedValue>
          </gfc:listedValue>
        </gfc:FC_FeatureAttribute>
      </gfc:carrierOfCharacteristics>
      <gfc:carrierOfCharacteristics>
        <gfc:FC_FeatureAttribute>
          <gfc:memberName>
            <gco:LocalName>f_code</gco:LocalName>
          </gfc:memberName>
          <gfc:definition>
            <gco:CharacterString>The Global Map feature code for the entity.</gco:CharacterString>
          </gfc:definition>
          <gfc:cardinality gco:nilReason="unknown"/>
          <gfc:definitionReference>
            <gfc:FC_DefinitionReference>
              <gfc:definitionSource>
                <gfc:FC_DefinitionSource>
                  <gfc:source>
                    <gmd:CI_Citation>
                      <gmd:title>
                        <gco:CharacterString>National Atlas of the United States</gco:CharacterString>
                      </gmd:title>
                      <gmd:date gco:nilReason="unknown"/>
                      <gmd:citedResponsibleParty>
                        <gmd:CI_ResponsibleParty>
                          <gmd:organisationName>
                            <gco:CharacterString>National Atlas of the United States</gco:CharacterString>
                          </gmd:organisationName>
                          <gmd:role>
                            <gmd:CI_RoleCode codeList="http://www.isotc211.org/2005/resources/Codelist/gmxCodelists.xml#CI_RoleCode" codeListValue="resourceProvider" codeSpace="001"/>
                          </gmd:role>
                        </gmd:CI_ResponsibleParty>
                      </gmd:citedResponsibleParty>
                    </gmd:CI_Citation>
                  </gfc:source>
                </gfc:FC_DefinitionSource>
              </gfc:definitionSource>
            </gfc:FC_DefinitionReference>
          </gfc:definitionReference>
          <gfc:valueType>
            <gco:TypeName>
              <gco:aName>
                <gco:CharacterString>String</gco:CharacterString>
              </gco:aName>
            </gco:TypeName>
          </gfc:valueType>
          <gfc:listedValue>
            <gfc:FC_ListedValue>
              <gfc:label>
                <gco:CharacterString>AQ125</gco:CharacterString>
              </gfc:label>
              <gfc:definition>
                <gco:CharacterString>Feature code for Railroad Station</gco:CharacterString>
              </gfc:definition>
              <gfc:definitionReference>
                <gfc:FC_DefinitionReference>
                  <gfc:definitionSource>
                    <gfc:FC_DefinitionSource>
                      <gfc:source>
                        <gmd:CI_Citation>
                          <gmd:title>
                            <gco:CharacterString>Global Map Feature Attribute Coding Catalog</gco:CharacterString>
                          </gmd:title>
                          <gmd:date gco:nilReason="unknown"/>
                          <gmd:citedResponsibleParty>
                            <gmd:CI_ResponsibleParty>
                              <gmd:organisationName>
                                <gco:CharacterString>Global Map Feature Attribute Coding Catalog</gco:CharacterString>
                              </gmd:organisationName>
                              <gmd:role>
                                <gmd:CI_RoleCode codeList="http://www.isotc211.org/2005/resources/Codelist/gmxCodelists.xml#CI_RoleCode" codeListValue="resourceProvider" codeSpace="001"/>
                              </gmd:role>
                            </gmd:CI_ResponsibleParty>
                          </gmd:citedResponsibleParty>
                        </gmd:CI_Citation>
                      </gfc:source>
                    </gfc:FC_DefinitionSource>
                  </gfc:definitionSource>
                </gfc:FC_DefinitionReference>
              </gfc:definitionReference>
            </gfc:FC_ListedValue>
          </gfc:listedValue>
        </gfc:FC_FeatureAttribute>
      </gfc:carrierOfCharacteristics>
      <gfc:carrierOfCharacteristics>
        <gfc:FC_FeatureAttribute>
          <gfc:memberName>
            <gco:LocalName>nam</gco:LocalName>
          </gfc:memberName>
          <gfc:definition>
            <gco:CharacterString>The Amtrak station name.</gco:CharacterString>
          </gfc:definition>
          <gfc:cardinality gco:nilReason="unknown"/>
          <gfc:definitionReference>
            <gfc:FC_DefinitionReference>
              <gfc:definitionSource>
                <gfc:FC_DefinitionSource>
                  <gfc:source>
                    <gmd:CI_Citation>
                      <gmd:title>
                        <gco:CharacterString>National Atlas of the United States</gco:CharacterString>
                      </gmd:title>
                      <gmd:date gco:nilReason="unknown"/>
                      <gmd:citedResponsibleParty>
                        <gmd:CI_ResponsibleParty>
                          <gmd:organisationName>
                            <gco:CharacterString>National Atlas of the United States</gco:CharacterString>
                          </gmd:organisationName>
                          <gmd:role>
                            <gmd:CI_RoleCode codeList="http://www.isotc211.org/2005/resources/Codelist/gmxCodelists.xml#CI_RoleCode" codeListValue="resourceProvider" codeSpace="001"/>
                          </gmd:role>
                        </gmd:CI_ResponsibleParty>
                      </gmd:citedResponsibleParty>
                    </gmd:CI_Citation>
                  </gfc:source>
                </gfc:FC_DefinitionSource>
              </gfc:definitionSource>
            </gfc:FC_DefinitionReference>
          </gfc:definitionReference>
          <gfc:valueType>
            <gco:TypeName>
              <gco:aName>
                <gco:CharacterString>String</gco:CharacterString>
              </gco:aName>
            </gco:TypeName>
          </gfc:valueType>
        </gfc:FC_FeatureAttribute>
      </gfc:carrierOfCharacteristics>
      <gfc:carrierOfCharacteristics>
        <gfc:FC_FeatureAttribute>
          <gfc:memberName>
            <gco:LocalName>soc</gco:LocalName>
          </gfc:memberName>
          <gfc:definition>
            <gco:CharacterString>
The three-character ISO 3166 Nation Code for the country which supplied the railroad station
data.
</gco:CharacterString>
          </gfc:definition>
          <gfc:cardinality gco:nilReason="unknown"/>
          <gfc:definitionReference>
            <gfc:FC_DefinitionReference>
              <gfc:definitionSource>
                <gfc:FC_DefinitionSource>
                  <gfc:source>
                    <gmd:CI_Citation>
                      <gmd:title>
                        <gco:CharacterString>National Atlas of the United States</gco:CharacterString>
                      </gmd:title>
                      <gmd:date gco:nilReason="unknown"/>
                      <gmd:citedResponsibleParty>
                        <gmd:CI_ResponsibleParty>
                          <gmd:organisationName>
                            <gco:CharacterString>National Atlas of the United States</gco:CharacterString>
                          </gmd:organisationName>
                          <gmd:role>
                            <gmd:CI_RoleCode codeList="http://www.isotc211.org/2005/resources/Codelist/gmxCodelists.xml#CI_RoleCode" codeListValue="resourceProvider" codeSpace="001"/>
                          </gmd:role>
                        </gmd:CI_ResponsibleParty>
                      </gmd:citedResponsibleParty>
                    </gmd:CI_Citation>
                  </gfc:source>
                </gfc:FC_DefinitionSource>
              </gfc:definitionSource>
            </gfc:FC_DefinitionReference>
          </gfc:definitionReference>
          <gfc:valueType>
            <gco:TypeName>
              <gco:aName>
                <gco:CharacterString>String</gco:CharacterString>
              </gco:aName>
            </gco:TypeName>
          </gfc:valueType>
          <gfc:listedValue>
            <gfc:FC_ListedValue>
              <gfc:label>
                <gco:CharacterString>USA</gco:CharacterString>
              </gfc:label>
              <gfc:definition>
                <gco:CharacterString>The data came from the United States of America.</gco:CharacterString>
              </gfc:definition>
              <gfc:definitionReference>
                <gfc:FC_DefinitionReference>
                  <gfc:definitionSource>
                    <gfc:FC_DefinitionSource>
                      <gfc:source>
                        <gmd:CI_Citation>
                          <gmd:title>
                            <gco:CharacterString>National Atlas of the United States</gco:CharacterString>
                          </gmd:title>
                          <gmd:date gco:nilReason="unknown"/>
                          <gmd:citedResponsibleParty>
                            <gmd:CI_ResponsibleParty>
                              <gmd:organisationName>
                                <gco:CharacterString>National Atlas of the United States</gco:CharacterString>
                              </gmd:organisationName>
                              <gmd:role>
                                <gmd:CI_RoleCode codeList="http://www.isotc211.org/2005/resources/Codelist/gmxCodelists.xml#CI_RoleCode" codeListValue="resourceProvider" codeSpace="001"/>
                              </gmd:role>
                            </gmd:CI_ResponsibleParty>
                          </gmd:citedResponsibleParty>
                        </gmd:CI_Citation>
                      </gfc:source>
                    </gfc:FC_DefinitionSource>
                  </gfc:definitionSource>
                </gfc:FC_DefinitionReference>
              </gfc:definitionReference>
            </gfc:FC_ListedValue>
          </gfc:listedValue>
        </gfc:FC_FeatureAttribute>
      </gfc:carrierOfCharacteristics>
    </gfc:FC_FeatureType>
  </gfc:featureType>
</gfc:FC_FeatureCatalogue>
